temperature, time
23.688, 1468260498.076782
23.688, 1468260499.076629
23.688, 1468260500.076660
23.625, 1468260501.245971
23.688, 1468260502.085205
23.688, 1468260503.084930
23.688, 1468260504.084564
23.688, 1468260505.084228
23.688, 1468260506.292724
23.688, 1468260507.068176
23.688, 1468260508.068328
23.750, 1468260509.068359
23.688, 1468260510.068420
23.750, 1468260511.334503
23.750, 1468260512.071411
23.688, 1468260513.070922
23.688, 1468260514.070800
23.750, 1468260515.070556
23.688, 1468260516.279876
23.750, 1468260517.068450
23.750, 1468260518.068298
23.812, 1468260519.068481
23.688, 1468260520.068450
23.750, 1468260521.134521
23.688, 1468260522.077819
23.750, 1468260523.077789
23.750, 1468260524.077758
23.750, 1468260525.078277
23.750, 1468260526.146575
23.750, 1468260527.083984
23.750, 1468260528.084594
23.750, 1468260529.084655
23.750, 1468260530.083648
23.750, 1468260531.274719
23.750, 1468260532.073577
23.750, 1468260533.074279
23.750, 1468260534.074371
23.750, 1468260535.073577
23.750, 1468260536.344116
23.750, 1468260537.086639
23.750, 1468260538.086975
23.688, 1468260539.087097
23.750, 1468260540.086395
23.750, 1468260541.356597
23.750, 1468260542.068359
23.750, 1468260543.068664
23.750, 1468260544.068359
23.750, 1468260545.068481
23.812, 1468260546.127563
23.750, 1468260547.071411
23.750, 1468260548.071624
23.750, 1468260549.071563
23.750, 1468260550.071929
23.750, 1468260551.120269
23.812, 1468260552.073638
23.750, 1468260553.071807
23.812, 1468260554.072326
23.812, 1468260555.072631
23.750, 1468260556.125579
23.750, 1468260557.072021
23.812, 1468260558.072143
23.812, 1468260559.071868
23.812, 1468260560.071350
23.750, 1468260561.119628
23.750, 1468260562.072357
23.812, 1468260563.072357
23.750, 1468260564.071899
23.812, 1468260565.071655
23.812, 1468260566.110809
23.750, 1468260567.072265
23.750, 1468260568.071380
23.812, 1468260569.072235
23.750, 1468260570.072540
23.812, 1468260571.224517
23.812, 1468260572.087310
23.750, 1468260573.088104
23.812, 1468260574.087829
23.750, 1468260575.087982
23.812, 1468260576.251281
23.750, 1468260577.079681
23.812, 1468260578.079284
23.812, 1468260579.079681
23.812, 1468260580.079833
23.812, 1468260581.214660
23.812, 1468260582.081512
23.812, 1468260583.081390
23.812, 1468260584.081268
23.812, 1468260585.084533
23.812, 1468260586.301666
23.750, 1468260587.093322
23.812, 1468260588.093902
23.812, 1468260589.092224
23.812, 1468260590.093811
23.812, 1468260591.149414
23.812, 1468260592.071105
23.812, 1468260593.070922
23.750, 1468260594.070953
23.812, 1468260595.070922
23.812, 1468260596.111938
23.750, 1468260597.071044
23.812, 1468260598.070861
23.750, 1468260599.071228
23.812, 1468260600.070861
23.812, 1468260601.092681
23.812, 1468260602.070861
23.812, 1468260603.070831
23.812, 1468260604.070922
23.812, 1468260605.070861
23.812, 1468260606.125885
23.812, 1468260607.073425
23.750, 1468260608.073303
23.812, 1468260609.073760
23.812, 1468260610.073150
23.750, 1468260611.126922
23.812, 1468260612.075042
23.812, 1468260613.075622
23.812, 1468260614.074584
23.812, 1468260615.076568
23.812, 1468260616.126434
23.812, 1468260617.074768
23.812, 1468260618.075653
23.812, 1468260619.074432
23.812, 1468260620.075714
23.812, 1468260621.128692
23.875, 1468260622.076995
23.812, 1468260623.077362
23.812, 1468260624.075103
23.812, 1468260625.076599
23.875, 1468260626.126525
23.875, 1468260627.077453
23.875, 1468260628.075683
23.812, 1468260629.077606
23.812, 1468260630.075622
23.812, 1468260631.128662
23.812, 1468260632.077514
23.812, 1468260633.075622
23.875, 1468260634.076354
23.875, 1468260635.077545
23.812, 1468260636.105834
23.875, 1468260637.076507
23.812, 1468260638.075744
23.875, 1468260639.077606
23.875, 1468260640.075775
23.875, 1468260641.140686
23.875, 1468260642.084259
23.875, 1468260643.088439
23.875, 1468260644.087707
23.875, 1468260645.088745
23.875, 1468260646.148712
23.875, 1468260647.070861
23.875, 1468260648.070892
23.875, 1468260649.070953
23.938, 1468260650.070983
23.875, 1468260651.133850
23.938, 1468260652.082305
23.938, 1468260653.082336
23.875, 1468260654.081970
23.875, 1468260655.082427
23.875, 1468260656.137969
23.938, 1468260657.082153
23.875, 1468260658.082061
23.875, 1468260659.082275
23.938, 1468260660.082000
23.938, 1468260661.138610
23.938, 1468260662.090148
23.875, 1468260663.090087
23.875, 1468260664.089935
23.875, 1468260665.088806
23.938, 1468260666.148895
23.938, 1468260667.070983
23.938, 1468260668.070953
23.875, 1468260669.071105
23.875, 1468260670.070861
23.938, 1468260671.097656
23.938, 1468260672.070953
23.875, 1468260673.071014
23.875, 1468260674.070983
23.875, 1468260675.070831
23.938, 1468260676.204437
23.875, 1468260677.075378
23.875, 1468260678.075469
23.875, 1468260679.075073
23.875, 1468260680.075347
23.938, 1468260681.218139
23.875, 1468260682.087005
23.875, 1468260683.084350
23.938, 1468260684.084564
23.875, 1468260685.083770
23.875, 1468260686.236328
23.938, 1468260687.079406
23.938, 1468260688.078674
23.938, 1468260689.078948
23.938, 1468260690.078308
23.875, 1468260691.179962
23.875, 1468260692.070922
23.875, 1468260693.070831
23.938, 1468260694.070861
23.938, 1468260695.070892
23.938, 1468260696.074096
23.938, 1468260697.070892
23.875, 1468260698.071044
23.938, 1468260699.070831
23.938, 1468260700.070831
23.938, 1468260701.096954
23.875, 1468260702.070831
23.938, 1468260703.070831
23.938, 1468260704.070861
23.875, 1468260705.070983
23.938, 1468260706.077087
23.938, 1468260707.070983
23.875, 1468260708.070831
23.938, 1468260709.070892
23.938, 1468260710.070800
23.938, 1468260711.213348
23.875, 1468260712.070892
23.875, 1468260713.070800
23.875, 1468260714.071075
23.938, 1468260715.071197
23.938, 1468260716.073211
23.875, 1468260717.080718
23.938, 1468260718.081481
23.938, 1468260719.081146
23.875, 1468260720.080535
23.938, 1468260721.236419
23.938, 1468260722.079559
23.938, 1468260723.082183
23.875, 1468260724.079772
23.938, 1468260725.079559
23.938, 1468260726.307525
23.938, 1468260727.077331
23.938, 1468260728.077545
23.938, 1468260729.077667
23.875, 1468260730.077514
23.938, 1468260731.192260
23.938, 1468260732.095214
23.875, 1468260733.094757
23.938, 1468260734.094726
23.875, 1468260735.095245
23.938, 1468260736.353057
23.938, 1468260737.071044
23.938, 1468260738.070892
23.938, 1468260739.071319
23.938, 1468260740.071014
23.938, 1468260741.073669
23.938, 1468260742.098510
23.938, 1468260743.097412
23.938, 1468260744.096496
23.938, 1468260745.096252
23.938, 1468260746.233886
23.938, 1468260747.094726
23.938, 1468260748.096343
23.938, 1468260749.094573
23.938, 1468260750.096466
23.938, 1468260751.370330
23.938, 1468260752.078216
23.938, 1468260753.078247
23.938, 1468260754.078674
23.938, 1468260755.078308
23.875, 1468260756.255554
23.938, 1468260757.074798
23.938, 1468260758.075683
23.875, 1468260759.074798
23.875, 1468260760.075836
23.875, 1468260761.216278
23.875, 1468260762.084411
23.875, 1468260763.084381
23.812, 1468260764.089691
23.875, 1468260765.084442
23.812, 1468260766.189636
23.812, 1468260767.090911
23.812, 1468260768.091613
23.812, 1468260769.093658
23.812, 1468260770.091461
23.812, 1468260771.323791
23.812, 1468260772.071075
23.812, 1468260773.070739
23.750, 1468260774.070892
23.812, 1468260775.070770
23.812, 1468260776.070800
23.812, 1468260777.075775
23.750, 1468260778.075378
23.750, 1468260779.077545
23.812, 1468260780.075561
23.750, 1468260781.074737
23.750, 1468260782.095092
23.750, 1468260783.093933
23.750, 1468260784.093994
23.750, 1468260785.093841
23.750, 1468260786.109313
23.750, 1468260787.070770
23.750, 1468260788.071166
23.750, 1468260789.071105
23.750, 1468260790.070770
23.750, 1468260791.070739
23.750, 1468260792.081268
23.750, 1468260793.080993
23.750, 1468260794.081390
23.750, 1468260795.081420
23.750, 1468260796.079589
23.750, 1468260797.082031
23.750, 1468260798.081085
23.750, 1468260799.081207
23.750, 1468260800.081207
23.750, 1468260801.080993
23.750, 1468260802.079376
23.750, 1468260803.082092
23.750, 1468260804.081115
23.750, 1468260805.079498
23.688, 1468260806.079772
23.688, 1468260807.082092
23.750, 1468260808.079406
23.688, 1468260809.081695
23.688, 1468260810.081512
23.688, 1468260811.082092
23.750, 1468260812.082153
23.750, 1468260813.082092
23.688, 1468260814.081634
23.688, 1468260815.081604
23.688, 1468260816.081054
23.688, 1468260817.081970
23.688, 1468260818.081909
23.750, 1468260819.082092
23.688, 1468260820.082031
23.688, 1468260821.082092
23.750, 1468260822.071075
23.688, 1468260823.070739
23.688, 1468260824.070861
23.688, 1468260825.070922
23.688, 1468260826.070770
23.688, 1468260827.089813
23.688, 1468260828.089843
23.750, 1468260829.089996
23.750, 1468260830.090026
23.750, 1468260831.089843
23.750, 1468260832.091094
23.688, 1468260833.091430
23.750, 1468260834.091583
23.750, 1468260835.092193
23.750, 1468260836.091613
23.688, 1468260837.075012
23.688, 1468260838.075836
23.688, 1468260839.074401
23.750, 1468260840.075775
23.750, 1468260841.075500
23.750, 1468260842.079498
23.688, 1468260843.079406
23.750, 1468260844.079467
23.688, 1468260845.079467
23.688, 1468260846.079467
23.750, 1468260847.082031
23.750, 1468260848.081848
23.688, 1468260849.082153
23.688, 1468260850.081878
23.750, 1468260851.082031
23.688, 1468260852.089813
23.750, 1468260853.089294
23.688, 1468260854.090179
23.688, 1468260855.089477
23.688, 1468260856.089355
23.688, 1468260857.082000
23.688, 1468260858.082183
23.688, 1468260859.081817
23.688, 1468260860.081878
23.625, 1468260861.081909
23.688, 1468260862.070861
23.688, 1468260863.070892
23.625, 1468260864.070770
23.625, 1468260865.071044
23.625, 1468260866.070983
23.625, 1468260867.082000
23.688, 1468260868.082580
23.688, 1468260869.082336
23.688, 1468260870.081878
23.688, 1468260871.081878
23.688, 1468260872.070739
23.625, 1468260873.070800
23.688, 1468260874.070800
23.625, 1468260875.070800
23.688, 1468260876.071075
23.688, 1468260877.084106
23.688, 1468260878.084503
23.625, 1468260879.084350
23.688, 1468260880.084350
23.688, 1468260881.084289
23.688, 1468260882.070770
23.688, 1468260883.070831
23.688, 1468260884.070739
23.688, 1468260885.070281
23.688, 1468260886.070953
23.625, 1468260887.079437
23.688, 1468260888.079437
23.688, 1468260889.079528
23.688, 1468260890.079742
23.688, 1468260891.079681
23.625, 1468260892.089477
23.688, 1468260893.089294
23.688, 1468260894.089324
23.688, 1468260895.090179
23.688, 1468260896.088928
23.688, 1468260897.091583
23.688, 1468260898.091522
23.688, 1468260899.091278
23.688, 1468260900.091369
23.750, 1468260901.091705
23.688, 1468260902.096221
23.688, 1468260903.096618
23.750, 1468260904.096252
23.688, 1468260905.096282
23.750, 1468260906.096435
23.688, 1468260907.095886
23.750, 1468260908.095672
23.750, 1468260909.095794
23.750, 1468260910.096252
23.688, 1468260911.096618
23.750, 1468260912.094696
23.688, 1468260913.095031
23.750, 1468260914.094055
23.750, 1468260915.093872
23.688, 1468260916.094604
23.750, 1468260917.070892
23.750, 1468260918.070892
23.750, 1468260919.071075
23.750, 1468260920.070922
23.750, 1468260921.070892
23.750, 1468260922.070800
23.688, 1468260923.070770
23.688, 1468260924.070770
23.688, 1468260925.070709
23.688, 1468260926.070770
23.688, 1468260927.081939
23.750, 1468260928.082000
23.625, 1468260929.082244
23.688, 1468260930.081909
23.688, 1468260931.083404
23.750, 1468260932.093811
23.688, 1468260933.093780
23.688, 1468260934.093811
23.688, 1468260935.094024
23.688, 1468260936.093994
23.688, 1468260937.093719
23.688, 1468260938.093902
23.688, 1468260939.093597
23.688, 1468260940.094085
23.688, 1468260941.093719
23.688, 1468260942.093688
23.688, 1468260943.094696
23.688, 1468260944.093841
23.688, 1468260945.093963
23.688, 1468260946.095092
23.688, 1468260947.095123
23.688, 1468260948.093841
23.688, 1468260949.094696
23.688, 1468260950.093658
23.688, 1468260951.093505
23.688, 1468260952.093841
23.625, 1468260953.094024
23.688, 1468260954.093841
23.688, 1468260955.092987
23.688, 1468260956.093994
23.688, 1468260957.093750
23.562, 1468260958.093933
23.625, 1468260959.093688
23.625, 1468260960.093902
23.562, 1468260961.093811
23.562, 1468260962.093841
23.562, 1468260963.094635
23.562, 1468260964.093933
23.562, 1468260965.093902
23.500, 1468260966.093811
23.500, 1468260967.093933
23.438, 1468260968.094390
23.438, 1468260969.093780
23.500, 1468260970.093780
23.500, 1468260971.093841
23.438, 1468260972.093536
23.438, 1468260973.093780
23.500, 1468260974.094604
23.438, 1468260975.093414
23.438, 1468260976.093994
23.438, 1468260977.093750
23.438, 1468260978.094573
23.438, 1468260979.094055
23.438, 1468260980.093780
23.438, 1468260981.094726
23.438, 1468260982.070739
23.438, 1468260983.071044
23.500, 1468260984.070922
23.438, 1468260985.070770
23.438, 1468260986.070922
23.500, 1468260987.087005
23.438, 1468260988.084228
23.438, 1468260989.084533
23.375, 1468260990.084503
23.375, 1468260991.084564
23.375, 1468260992.070770
23.375, 1468260993.070922
23.375, 1468260994.070220
23.375, 1468260995.070983
23.312, 1468260996.070770
23.375, 1468260997.095062
23.312, 1468260998.093841
23.312, 1468260999.094573
23.375, 1468261000.094604
23.312, 1468261001.094055
23.312, 1468261002.093994
23.312, 1468261003.094696
23.375, 1468261004.094055
23.312, 1468261005.094757
23.312, 1468261006.094757
23.312, 1468261007.093994
23.375, 1468261008.095153
23.312, 1468261009.094604
23.312, 1468261010.093994
23.250, 1468261011.094604
23.250, 1468261012.070861
23.312, 1468261013.070861
23.312, 1468261014.070800
23.250, 1468261015.070281
23.250, 1468261016.070739
23.250, 1468261017.070892
23.188, 1468261018.070800
23.250, 1468261019.070281
23.250, 1468261020.070770
23.188, 1468261021.070831
23.188, 1468261022.075164
23.188, 1468261023.075775
23.250, 1468261024.075469
23.188, 1468261025.077606
23.188, 1468261026.075653
23.250, 1468261027.075683
23.188, 1468261028.076904
23.188, 1468261029.076416
23.188, 1468261030.077331
23.188, 1468261031.075653
23.188, 1468261032.077392
23.188, 1468261033.077392
23.188, 1468261034.075714
23.188, 1468261035.076873
23.188, 1468261036.075683
23.188, 1468261037.089782
23.188, 1468261038.091156
23.188, 1468261039.089691
23.188, 1468261040.091583
23.125, 1468261041.089782
23.125, 1468261042.070770
23.188, 1468261043.070953
23.188, 1468261044.070800
23.188, 1468261045.070922
23.188, 1468261046.070770
23.188, 1468261047.073211
23.188, 1468261048.072540
23.188, 1468261049.073333
23.188, 1468261050.073272
23.250, 1468261051.073699
23.188, 1468261052.100250
23.188, 1468261053.098815
23.188, 1468261054.100341
23.188, 1468261055.100921
23.188, 1468261056.100219
23.125, 1468261057.074462
23.125, 1468261058.073211
23.125, 1468261059.075897
23.125, 1468261060.073577
23.125, 1468261061.074615
23.125, 1468261062.074737
23.125, 1468261063.073242
23.062, 1468261064.074157
23.062, 1468261065.074768
23.062, 1468261066.075073
23.062, 1468261067.078308
23.062, 1468261068.078399
23.062, 1468261069.078674
23.125, 1468261070.078308
23.000, 1468261071.078186
23.062, 1468261072.084472
23.062, 1468261073.084503
23.062, 1468261074.084197
23.000, 1468261075.084533
23.062, 1468261076.084594
23.062, 1468261077.074523
23.062, 1468261078.075714
23.125, 1468261079.076873
23.062, 1468261080.075744
23.062, 1468261081.076751
23.000, 1468261082.078308
23.000, 1468261083.078308
23.062, 1468261084.077545
23.062, 1468261085.078308
23.062, 1468261086.078460
23.062, 1468261087.074279
23.000, 1468261088.074737
23.062, 1468261089.074584
23.062, 1468261090.076446
23.062, 1468261091.074645
23.062, 1468261092.077514
23.062, 1468261093.076812
23.000, 1468261094.077453
23.062, 1468261095.091766
23.000, 1468261096.077209
23.000, 1468261097.093963
23.000, 1468261098.094543
23.000, 1468261099.094635
23.000, 1468261100.093811
23.062, 1468261101.095031
23.000, 1468261102.081939
23.000, 1468261103.082061
22.938, 1468261104.082244
23.000, 1468261105.083892
23.000, 1468261106.082000
23.000, 1468261107.070922
23.000, 1468261108.070770
23.000, 1468261109.070739
23.000, 1468261110.070434
23.000, 1468261111.070800
23.000, 1468261112.071014
23.000, 1468261113.070922
23.000, 1468261114.070800
23.000, 1468261115.071655
23.000, 1468261116.070770
23.000, 1468261117.070831
23.000, 1468261118.070739
23.000, 1468261119.070800
23.000, 1468261120.070831
23.000, 1468261121.070800
23.000, 1468261122.070983
23.000, 1468261123.070770
23.000, 1468261124.071716
23.000, 1468261125.071746
22.938, 1468261126.070770
23.000, 1468261127.097595
23.000, 1468261128.097412
23.000, 1468261129.098175
23.000, 1468261130.097259
23.000, 1468261131.097503
23.000, 1468261132.070770
22.938, 1468261133.070983
23.000, 1468261134.070800
22.938, 1468261135.070800
22.938, 1468261136.070770
23.000, 1468261137.070770
22.938, 1468261138.070892
22.938, 1468261139.070770
22.938, 1468261140.070831
22.938, 1468261141.070861
22.938, 1468261142.079589
22.875, 1468261143.079528
22.875, 1468261144.079650
22.875, 1468261145.079620
22.812, 1468261146.079711
22.875, 1468261147.087066
22.875, 1468261148.083892
22.812, 1468261149.086914
22.812, 1468261150.084259
22.812, 1468261151.084594
22.812, 1468261152.092773
22.750, 1468261153.092864
22.812, 1468261154.092803
22.750, 1468261155.092712
22.812, 1468261156.092529
22.750, 1468261157.097412
22.750, 1468261158.097534
22.750, 1468261159.097320
22.688, 1468261160.097259
22.688, 1468261161.097320
22.688, 1468261162.070983
22.625, 1468261163.070861
22.625, 1468261164.070831
22.625, 1468261165.070831
22.625, 1468261166.071044
22.625, 1468261167.070831
22.625, 1468261168.070770
22.625, 1468261169.070892
22.562, 1468261170.070770
22.625, 1468261171.070922
22.562, 1468261172.079376
22.562, 1468261173.081146
22.562, 1468261174.081176
22.625, 1468261175.081054
22.562, 1468261176.080932
22.625, 1468261177.090667
22.562, 1468261178.091339
22.625, 1468261179.091094
22.562, 1468261180.090362
22.562, 1468261181.090820
22.562, 1468261182.088104
22.625, 1468261183.088256
22.625, 1468261184.087341
22.625, 1468261185.081665
22.625, 1468261186.081665
22.625, 1468261187.068450
22.625, 1468261188.068756
22.688, 1468261189.068481
22.688, 1468261190.068389
22.625, 1468261191.068328
22.625, 1468261192.068145
22.688, 1468261193.068115
22.625, 1468261194.068298
22.625, 1468261195.068298
22.562, 1468261196.068389
22.625, 1468261197.068115
22.625, 1468261198.068206
22.625, 1468261199.068115
22.562, 1468261200.068115
22.500, 1468261201.068359
22.438, 1468261202.068389
22.438, 1468261203.068542
22.500, 1468261204.068389
22.500, 1468261205.068664
22.438, 1468261206.068206
22.438, 1468261207.068359
22.500, 1468261208.068359
22.438, 1468261209.068298
22.438, 1468261210.068359
22.438, 1468261211.068389
22.438, 1468261212.068389
22.500, 1468261213.068359
22.500, 1468261214.068420
22.438, 1468261215.068328
22.438, 1468261216.068420
22.438, 1468261217.068389
22.438, 1468261218.068237
22.438, 1468261219.068267
22.500, 1468261220.068176
22.438, 1468261221.068359
22.500, 1468261222.068206
22.500, 1468261223.068725
22.438, 1468261224.068359
22.438, 1468261225.068389
22.500, 1468261226.068328
22.438, 1468261227.068328
22.500, 1468261228.068359
22.438, 1468261229.068237
22.438, 1468261230.068389
22.500, 1468261231.068267
22.438, 1468261232.089843
22.438, 1468261233.089935
22.438, 1468261234.089752
22.438, 1468261235.089447
22.438, 1468261236.089141
22.438, 1468261237.094390
22.438, 1468261238.094055
22.375, 1468261239.092773
22.438, 1468261240.093597
22.438, 1468261241.094543
22.438, 1468261242.093505
22.438, 1468261243.093414
22.375, 1468261244.093719
22.438, 1468261245.093048
22.438, 1468261246.093048
22.438, 1468261247.068359
22.438, 1468261248.068298
22.500, 1468261249.068542
22.500, 1468261250.068237
22.500, 1468261251.068481
22.438, 1468261252.068176
22.438, 1468261253.068267
22.500, 1468261254.068511
22.500, 1468261255.068359
22.500, 1468261256.068328
22.438, 1468261257.068237
22.500, 1468261258.068206
22.500, 1468261259.068267
22.500, 1468261260.068206
22.500, 1468261261.068298
22.438, 1468261262.068145
22.500, 1468261263.068176
22.438, 1468261264.068359
22.500, 1468261265.068237
22.500, 1468261266.068176
22.500, 1468261267.068298
22.500, 1468261268.068878
22.500, 1468261269.068878
22.500, 1468261270.068786
22.500, 1468261271.068725
22.500, 1468261272.068847
22.562, 1468261273.068756
22.500, 1468261274.068786
22.500, 1468261275.068908
22.562, 1468261276.068695
22.438, 1468261277.081207
22.562, 1468261278.082336
22.500, 1468261279.082763
22.500, 1468261280.081298
22.500, 1468261281.082885
22.500, 1468261282.075714
22.562, 1468261283.075866
22.562, 1468261284.075378
22.562, 1468261285.075256
22.562, 1468261286.075714
22.500, 1468261287.075683
22.562, 1468261288.075592
22.562, 1468261289.075378
22.562, 1468261290.075836
22.562, 1468261291.075653
22.625, 1468261292.068908
22.625, 1468261293.069091
22.562, 1468261294.069000
22.562, 1468261295.068695
22.562, 1468261296.068878
22.562, 1468261297.088745
22.562, 1468261298.087951
22.562, 1468261299.087371
22.625, 1468261300.088562
22.562, 1468261301.089294
22.625, 1468261302.072906
22.625, 1468261303.073364
22.625, 1468261304.073089
22.625, 1468261305.072967
22.625, 1468261306.073242
22.625, 1468261307.087554
22.625, 1468261308.088378
22.625, 1468261309.088470
22.688, 1468261310.088409
22.688, 1468261311.088684
22.625, 1468261312.070556
22.625, 1468261313.070190
22.688, 1468261314.070556
22.625, 1468261315.069854
22.688, 1468261316.070251
22.625, 1468261317.082611
22.688, 1468261318.082519
22.688, 1468261319.083679
22.688, 1468261320.082031
22.688, 1468261321.081939
22.625, 1468261322.083831
22.688, 1468261323.081390
22.688, 1468261324.081451
22.750, 1468261325.081909
22.688, 1468261326.081329
22.750, 1468261327.070068
22.750, 1468261328.070159
22.750, 1468261329.070129
22.688, 1468261330.070281
22.688, 1468261331.069854
22.750, 1468261332.075286
22.750, 1468261333.075347
22.750, 1468261334.075683
22.750, 1468261335.075286
22.812, 1468261336.075836
22.688, 1468261337.089843
22.750, 1468261338.090545
22.750, 1468261339.090423
22.750, 1468261340.090209
22.688, 1468261341.089782
22.812, 1468261342.078063
22.750, 1468261343.078155
22.750, 1468261344.078277
22.750, 1468261345.077911
22.812, 1468261346.078125
22.812, 1468261347.085540
22.750, 1468261348.085662
22.750, 1468261349.086059
22.812, 1468261350.085845
22.750, 1468261351.085693
22.812, 1468261352.087280
22.812, 1468261353.087524
22.875, 1468261354.088317
22.812, 1468261355.087463
22.812, 1468261356.087402
22.812, 1468261357.087371
22.750, 1468261358.087249
22.812, 1468261359.086730
22.812, 1468261360.086944
22.812, 1468261361.086578
22.875, 1468261362.068786
22.812, 1468261363.068969
22.812, 1468261364.068725
22.812, 1468261365.068847
22.875, 1468261366.068725
22.875, 1468261367.072265
22.875, 1468261368.073730
22.875, 1468261369.073760
22.875, 1468261370.073730
22.875, 1468261371.074157
22.938, 1468261372.073638
22.875, 1468261373.073425
22.875, 1468261374.073822
22.938, 1468261375.073852
22.938, 1468261376.073730
22.938, 1468261377.085052
22.938, 1468261378.085723
22.938, 1468261379.085693
22.938, 1468261380.084411
22.938, 1468261381.084197
22.938, 1468261382.089263
22.938, 1468261383.088470
22.938, 1468261384.088623
22.938, 1468261385.089294
22.938, 1468261386.089294
22.938, 1468261387.089385
22.938, 1468261388.089202
23.000, 1468261389.089233
22.938, 1468261390.089080
23.000, 1468261391.098114
23.000, 1468261392.089141
23.000, 1468261393.089263
23.062, 1468261394.089050
23.000, 1468261395.090393
23.062, 1468261396.089935
23.000, 1468261397.089111
23.000, 1468261398.089294
23.000, 1468261399.089294
23.000, 1468261400.089416
23.000, 1468261401.090789
23.062, 1468261402.092895
23.062, 1468261403.092285
23.062, 1468261404.092468
23.062, 1468261405.090667
23.062, 1468261406.093078
23.062, 1468261407.068786
23.062, 1468261408.068756
23.062, 1468261409.068725
23.062, 1468261410.068725
23.062, 1468261411.068725
23.062, 1468261412.068969
23.062, 1468261413.068817
23.125, 1468261414.068939
23.125, 1468261415.068695
23.125, 1468261416.068725
23.062, 1468261417.068756
23.125, 1468261418.069030
23.125, 1468261419.069061
23.125, 1468261420.069061
23.062, 1468261421.068878
23.125, 1468261422.076446
23.125, 1468261423.076477
23.125, 1468261424.078674
23.125, 1468261425.078186
23.125, 1468261426.078125
23.125, 1468261427.071777
23.125, 1468261428.071166
23.125, 1468261429.071685
23.125, 1468261430.071472
23.188, 1468261431.070739
23.125, 1468261432.068969
23.125, 1468261433.069000
23.125, 1468261434.068908
23.188, 1468261435.068786
23.125, 1468261436.068878
23.188, 1468261437.081237
23.188, 1468261438.081146
23.125, 1468261439.078918
23.125, 1468261440.078948
23.188, 1468261441.081176
23.188, 1468261442.086212
23.188, 1468261443.085784
23.188, 1468261444.085601
23.250, 1468261445.085693
23.125, 1468261446.085876
23.188, 1468261447.078186
23.188, 1468261448.076599
23.188, 1468261449.077850
23.188, 1468261450.077911
23.188, 1468261451.078430
23.250, 1468261452.084503
23.188, 1468261453.082916
23.250, 1468261454.083007
23.250, 1468261455.083007
23.250, 1468261456.083557
23.188, 1468261457.093353
23.188, 1468261458.093170
23.250, 1468261459.092712
23.250, 1468261460.092956
23.188, 1468261461.093566
23.250, 1468261462.093536
23.250, 1468261463.092956
23.250, 1468261464.093170
23.250, 1468261465.092681
23.250, 1468261466.092864
23.250, 1468261467.074707
23.250, 1468261468.074096
23.250, 1468261469.074096
23.250, 1468261470.074462
23.250, 1468261471.074707
23.250, 1468261472.089477
23.250, 1468261473.089111
23.188, 1468261474.090728
23.250, 1468261475.090057
23.188, 1468261476.089111
23.250, 1468261477.069396
23.250, 1468261478.069885
23.250, 1468261479.069671
23.250, 1468261480.069519
23.250, 1468261481.070678
23.250, 1468261482.094665
23.250, 1468261483.093170
23.250, 1468261484.093078
23.250, 1468261485.094177
23.250, 1468261486.093292
23.250, 1468261487.093505
23.250, 1468261488.092895
23.250, 1468261489.092895
23.250, 1468261490.092926
23.250, 1468261491.094970
23.250, 1468261492.078735
23.250, 1468261493.081176
23.250, 1468261494.078948
23.250, 1468261495.081237
23.250, 1468261496.078491
23.250, 1468261497.090637
23.312, 1468261498.090667
23.250, 1468261499.090850
23.250, 1468261500.090698
23.250, 1468261501.090301
23.250, 1468261502.068908
23.250, 1468261503.068817
23.250, 1468261504.068725
23.250, 1468261505.068695
23.188, 1468261506.068695
23.250, 1468261507.077209
23.188, 1468261508.076629
23.250, 1468261509.076751
23.250, 1468261510.076568
23.250, 1468261511.076538
23.250, 1468261512.068878
23.250, 1468261513.068756
23.250, 1468261514.068725
23.250, 1468261515.068847
23.312, 1468261516.068908
23.250, 1468261517.068725
23.250, 1468261518.068725
23.250, 1468261519.068695
23.312, 1468261520.069030
23.250, 1468261521.069030
23.250, 1468261522.076293
23.375, 1468261523.076660
23.312, 1468261524.076660
23.250, 1468261525.076873
23.312, 1468261526.076721
23.250, 1468261527.088623
23.312, 1468261528.088562
23.312, 1468261529.088134
23.312, 1468261530.088653
23.312, 1468261531.089630
23.312, 1468261532.069641
23.312, 1468261533.069671
23.312, 1468261534.071868
23.312, 1468261535.069091
23.312, 1468261536.071197
23.312, 1468261537.070373
23.312, 1468261538.071685
23.375, 1468261539.069183
23.312, 1468261540.069580
23.375, 1468261541.069885
23.312, 1468261542.072235
23.375, 1468261543.071716
23.312, 1468261544.072204
23.375, 1468261545.072540
23.312, 1468261546.072570
23.375, 1468261547.075927
23.375, 1468261548.076629
23.375, 1468261549.076507
23.375, 1468261550.076690
23.375, 1468261551.076385
23.375, 1468261552.076416
23.375, 1468261553.076629
23.375, 1468261554.076690
23.375, 1468261555.076324
23.375, 1468261556.076965
23.375, 1468261557.068878
23.375, 1468261558.068695
23.438, 1468261559.068695
23.375, 1468261560.068695
23.375, 1468261561.069030
23.375, 1468261562.076812
23.375, 1468261563.077575
23.375, 1468261564.076538
23.375, 1468261565.076507
23.375, 1468261566.076690
23.438, 1468261567.083160
23.438, 1468261568.082580
23.438, 1468261569.082580
23.438, 1468261570.082580
23.438, 1468261571.082672
23.375, 1468261572.099548
23.375, 1468261573.100555
23.375, 1468261574.099456
23.438, 1468261575.099700
23.438, 1468261576.099304
23.438, 1468261577.068725
23.375, 1468261578.068695
23.438, 1468261579.068725
23.375, 1468261580.068756
23.438, 1468261581.068756
23.375, 1468261582.069122
23.438, 1468261583.068725
23.375, 1468261584.068695
23.438, 1468261585.068725
23.375, 1468261586.068695
23.438, 1468261587.068725
23.375, 1468261588.068695
23.438, 1468261589.068725
23.375, 1468261590.068847
23.375, 1468261591.068695
23.438, 1468261592.084228
23.375, 1468261593.083648
23.438, 1468261594.084106
23.375, 1468261595.084442
23.438, 1468261596.084045
23.438, 1468261597.068878
23.438, 1468261598.068878
23.438, 1468261599.068756
23.375, 1468261600.069152
23.438, 1468261601.068725
23.375, 1468261602.068908
23.438, 1468261603.068695
23.438, 1468261604.068756
23.375, 1468261605.068878
23.438, 1468261606.069000
23.375, 1468261607.086730
23.438, 1468261608.086791
23.438, 1468261609.086578
23.438, 1468261610.086700
23.375, 1468261611.087463
23.438, 1468261612.076446
23.438, 1468261613.076599
23.438, 1468261614.076629
23.438, 1468261615.076568
23.438, 1468261616.076721
23.438, 1468261617.086242
23.438, 1468261618.088348
23.438, 1468261619.089324
23.438, 1468261620.088989
23.500, 1468261621.088745
23.438, 1468261622.068481
23.500, 1468261623.068847
23.500, 1468261624.068695
23.438, 1468261625.068786
23.438, 1468261626.068847
23.438, 1468261627.083770
23.438, 1468261628.076690
23.438, 1468261629.076629
23.500, 1468261630.076721
23.438, 1468261631.076538
23.500, 1468261632.069854
23.500, 1468261633.069671
23.438, 1468261634.069366
23.438, 1468261635.069183
23.500, 1468261636.069183
23.438, 1468261637.068756
23.500, 1468261638.068847
23.500, 1468261639.068878
23.500, 1468261640.068847
23.500, 1468261641.068695
23.500, 1468261642.068725
23.500, 1468261643.069030
23.500, 1468261644.069000
23.500, 1468261645.068878
23.500, 1468261646.068908
23.500, 1468261647.068420
23.500, 1468261648.068878
23.500, 1468261649.069000
23.562, 1468261650.068939
23.500, 1468261651.068725
23.500, 1468261652.091857
23.562, 1468261653.092254
23.500, 1468261654.091003
23.500, 1468261655.090667
23.500, 1468261656.090820
23.562, 1468261657.094604
23.500, 1468261658.093261
23.500, 1468261659.093292
23.500, 1468261660.092712
23.562, 1468261661.093322
23.562, 1468261662.068878
23.562, 1468261663.068878
23.500, 1468261664.068878
23.562, 1468261665.068664
23.500, 1468261666.068695
23.562, 1468261667.084197
23.562, 1468261668.084136
23.562, 1468261669.084197
23.562, 1468261670.083587
23.562, 1468261671.083007
23.562, 1468261672.069671
23.562, 1468261673.069274
23.562, 1468261674.069671
23.562, 1468261675.070434
23.562, 1468261676.069854
23.562, 1468261677.068695
23.562, 1468261678.068939
23.562, 1468261679.068725
23.500, 1468261680.068786
23.562, 1468261681.068908
23.562, 1468261682.103698
23.562, 1468261683.068695
23.562, 1468261684.068725
23.562, 1468261685.069122
23.562, 1468261686.068695
23.562, 1468261687.111907
23.562, 1468261688.074005
23.625, 1468261689.073944
23.562, 1468261690.074005
23.562, 1468261691.073913
23.625, 1468261692.068725
23.625, 1468261693.068786
23.625, 1468261694.068695
23.562, 1468261695.068664
23.625, 1468261696.068664
23.562, 1468261697.081451
23.625, 1468261698.078948
23.562, 1468261699.078887
23.625, 1468261700.078918
23.625, 1468261701.078918
23.562, 1468261702.084259
23.625, 1468261703.084320
23.562, 1468261704.083526
23.562, 1468261705.083587
23.562, 1468261706.084594
23.625, 1468261707.068695
23.625, 1468261708.068756
23.625, 1468261709.069061
23.625, 1468261710.068695
23.625, 1468261711.068969
23.625, 1468261712.068695
23.625, 1468261713.068695
23.625, 1468261714.068878
23.625, 1468261715.069366
23.562, 1468261716.069000
23.562, 1468261717.086853
23.625, 1468261718.087493
23.625, 1468261719.086944
23.625, 1468261720.086730
23.688, 1468261721.086944
23.688, 1468261722.068695
23.688, 1468261723.070770
23.625, 1468261724.068695
23.625, 1468261725.068664
23.625, 1468261726.068695
23.625, 1468261727.068756
23.625, 1468261728.068725
23.625, 1468261729.069030
23.625, 1468261730.068695
23.625, 1468261731.069213
23.625, 1468261732.081237
23.625, 1468261733.078887
23.625, 1468261734.078430
23.625, 1468261735.078460
23.625, 1468261736.078979
23.625, 1468261737.088623
23.625, 1468261738.088043
23.625, 1468261739.088592
23.625, 1468261740.087982
23.625, 1468261741.086761
23.625, 1468261742.068847
23.688, 1468261743.069030
23.688, 1468261744.068695
23.625, 1468261745.069000
23.688, 1468261746.068725
23.688, 1468261747.097869
23.688, 1468261748.095672
23.688, 1468261749.097869
23.750, 1468261750.095428
23.688, 1468261751.095703
23.688, 1468261752.075469
23.688, 1468261753.076263
23.688, 1468261754.076934
23.688, 1468261755.075683
23.688, 1468261756.075653
23.688, 1468261757.090698
23.688, 1468261758.091857
23.688, 1468261759.092010
23.688, 1468261760.092773
23.688, 1468261761.091857
23.688, 1468261762.075378
23.688, 1468261763.075744
23.688, 1468261764.076232
23.688, 1468261765.076477
23.688, 1468261766.076385
23.688, 1468261767.091857
23.688, 1468261768.092041
23.688, 1468261769.092254
23.688, 1468261770.092956
23.688, 1468261771.090545
23.750, 1468261772.071685
23.688, 1468261773.071746
23.688, 1468261774.071716
23.688, 1468261775.071685
23.688, 1468261776.072326
23.688, 1468261777.095214
23.688, 1468261778.095031
23.688, 1468261779.093139
23.688, 1468261780.094238
23.750, 1468261781.094543
23.688, 1468261782.069793
23.688, 1468261783.069030
23.688, 1468261784.069122
23.688, 1468261785.068939
23.688, 1468261786.069366
23.688, 1468261787.068969
23.688, 1468261788.068725
23.688, 1468261789.068725
23.688, 1468261790.068969
23.688, 1468261791.068847
23.688, 1468261792.082855
23.688, 1468261793.083740
23.688, 1468261794.082611
23.688, 1468261795.082611
23.688, 1468261796.083496
23.688, 1468261797.088317
23.688, 1468261798.089324
23.688, 1468261799.088653
23.625, 1468261800.089416
23.625, 1468261801.088317
23.688, 1468261802.068908
23.625, 1468261803.068725
23.625, 1468261804.068756
23.688, 1468261805.068878
23.625, 1468261806.069000
23.625, 1468261807.069061
23.625, 1468261808.068878
23.688, 1468261809.068756
23.625, 1468261810.068756
23.688, 1468261811.069030
23.625, 1468261812.068756
23.625, 1468261813.069061
23.688, 1468261814.068786
23.625, 1468261815.068817
23.625, 1468261816.068817
23.625, 1468261817.089263
23.625, 1468261818.089080
23.625, 1468261819.089538
23.562, 1468261820.089385
23.625, 1468261821.089111
23.625, 1468261822.093200
23.625, 1468261823.093109
23.625, 1468261824.092864
23.625, 1468261825.092559
23.562, 1468261826.092834
23.562, 1468261827.093292
23.500, 1468261828.092712
23.562, 1468261829.093261
23.562, 1468261830.092559
23.562, 1468261831.092590
23.625, 1468261832.093200
23.562, 1468261833.092834
23.500, 1468261834.093078
23.562, 1468261835.093139
23.562, 1468261836.093353
23.562, 1468261837.093261
23.562, 1468261838.092834
23.562, 1468261839.093414
23.500, 1468261840.092987
23.500, 1468261841.093048
23.562, 1468261842.093109
23.562, 1468261843.094757
23.562, 1468261844.092742
23.562, 1468261845.092987
23.562, 1468261846.093597
23.562, 1468261847.092956
23.562, 1468261848.093353
23.562, 1468261849.092010
23.562, 1468261850.093444
23.562, 1468261851.093200
23.500, 1468261852.093109
23.500, 1468261853.092895
23.500, 1468261854.093078
23.562, 1468261855.093170
23.562, 1468261856.093292
23.562, 1468261857.069061
23.562, 1468261858.069305
23.562, 1468261859.069213
23.562, 1468261860.069732
23.500, 1468261861.070312
23.562, 1468261862.095397
23.500, 1468261863.097839
23.500, 1468261864.095581
23.500, 1468261865.095428
23.562, 1468261866.097839
23.500, 1468261867.068969
23.500, 1468261868.068450
23.500, 1468261869.068206
23.500, 1468261870.068145
23.500, 1468261871.068359
23.500, 1468261872.068359
23.438, 1468261873.068298
23.438, 1468261874.068176
23.438, 1468261875.068145
23.438, 1468261876.068389
23.438, 1468261877.079040
23.500, 1468261878.079223
23.438, 1468261879.078521
23.438, 1468261880.078948
23.438, 1468261881.078948
23.500, 1468261882.068542
23.500, 1468261883.068267
23.438, 1468261884.068206
23.438, 1468261885.068725
23.438, 1468261886.068603
23.438, 1468261887.068267
23.438, 1468261888.068145
23.438, 1468261889.068176
23.438, 1468261890.068237
23.438, 1468261891.068115
23.438, 1468261892.068206
23.438, 1468261893.068542
23.500, 1468261894.068420
23.438, 1468261895.068237
23.438, 1468261896.068206
23.438, 1468261897.068115
23.438, 1468261898.068389
23.438, 1468261899.068481
23.438, 1468261900.068237
23.438, 1468261901.068115
23.438, 1468261902.074584
23.438, 1468261903.075286
23.375, 1468261904.076171
23.438, 1468261905.075775
23.375, 1468261906.074523
23.375, 1468261907.068420
23.375, 1468261908.068237
23.375, 1468261909.068450
23.375, 1468261910.068481
23.375, 1468261911.068267
23.375, 1468261912.073486
23.375, 1468261913.073394
23.375, 1468261914.074035
23.375, 1468261915.073120
23.375, 1468261916.073547
23.375, 1468261917.068237
23.375, 1468261918.068328
23.375, 1468261919.068206
23.375, 1468261920.068298
23.375, 1468261921.068237
23.438, 1468261922.137939
23.312, 1468261923.091308
23.375, 1468261924.091064
23.375, 1468261925.090850
23.375, 1468261926.091064
23.375, 1468261927.178649
23.375, 1468261928.077239
23.375, 1468261929.068145
23.375, 1468261930.068389
23.375, 1468261931.068481
23.375, 1468261932.154632
23.375, 1468261933.073791
23.375, 1468261934.073516
23.375, 1468261935.074157
23.375, 1468261936.074035
23.375, 1468261937.148864
23.375, 1468261938.068267
23.375, 1468261939.068237
23.312, 1468261940.068267
23.312, 1468261941.068115
23.375, 1468261942.074188
23.312, 1468261943.073455
23.375, 1468261944.073944
23.375, 1468261945.074645
23.375, 1468261946.074035
23.312, 1468261947.081329
23.312, 1468261948.080932
23.312, 1468261949.081573
23.375, 1468261950.081268
23.312, 1468261951.081542
23.312, 1468261952.091125
23.375, 1468261953.090728
23.312, 1468261954.090576
23.312, 1468261955.091064
23.312, 1468261956.090911
23.312, 1468261957.098266
23.312, 1468261958.086853
23.312, 1468261959.086853
23.312, 1468261960.086242
23.312, 1468261961.086547
23.312, 1468261962.086975
23.312, 1468261963.086212
23.312, 1468261964.086517
23.312, 1468261965.086395
23.250, 1468261966.086517
23.312, 1468261967.102325
23.375, 1468261968.103637
23.312, 1468261969.102722
23.312, 1468261970.102813
23.312, 1468261971.102691
23.312, 1468261972.092712
23.312, 1468261973.092132
23.312, 1468261974.092742
23.250, 1468261975.092132
23.250, 1468261976.091156
23.312, 1468261977.068725
23.312, 1468261978.068725
23.312, 1468261979.068725
23.250, 1468261980.068847
23.250, 1468261981.068878
23.312, 1468261982.068969
23.250, 1468261983.068847
23.312, 1468261984.069061
23.250, 1468261985.068725
23.312, 1468261986.068725
23.312, 1468261987.069885
23.312, 1468261988.070190
23.312, 1468261989.070404
23.250, 1468261990.070129
23.312, 1468261991.069549
23.312, 1468261992.070526
23.312, 1468261993.071563
23.312, 1468261994.071655
23.312, 1468261995.070861
23.250, 1468261996.071868
23.312, 1468261997.070404
23.312, 1468261998.070251
23.312, 1468261999.070190
23.312, 1468262000.070648
23.250, 1468262001.070068
23.312, 1468262002.081512
23.312, 1468262003.081573
23.250, 1468262004.082000
23.312, 1468262005.082092
23.312, 1468262006.081634
23.250, 1468262007.083648
23.250, 1468262008.083557
23.250, 1468262009.084503
23.250, 1468262010.083648
23.250, 1468262011.085113
23.250, 1468262012.091033
23.250, 1468262013.090698
23.250, 1468262014.092651
23.250, 1468262015.092468
23.188, 1468262016.092376
23.188, 1468262017.132507
23.188, 1468262018.092041
23.250, 1468262019.097351
23.188, 1468262020.095977
23.125, 1468262021.097534
23.188, 1468262022.264282
23.188, 1468262023.068878
23.188, 1468262024.068725
23.125, 1468262025.068878
23.125, 1468262026.068817
23.188, 1468262027.233581
23.062, 1468262028.068756
23.125, 1468262029.068817
23.062, 1468262030.068695
23.062, 1468262031.068786
23.062, 1468262032.148040
23.000, 1468262033.090118
23.062, 1468262034.089996
23.000, 1468262035.089782
23.062, 1468262036.089721
23.062, 1468262037.074462
23.062, 1468262038.073394
23.000, 1468262039.073272
23.000, 1468262040.073944
23.000, 1468262041.074432
23.000, 1468262042.092193
22.938, 1468262043.092559
22.938, 1468262044.092529
22.938, 1468262045.092437
22.938, 1468262046.091217
22.938, 1468262047.068634
22.938, 1468262048.068572
22.875, 1468262049.068786
22.875, 1468262050.068634
22.875, 1468262051.068634
22.875, 1468262052.091979
22.938, 1468262053.091125
22.875, 1468262054.090148
22.875, 1468262055.091491
22.812, 1468262056.089843
22.812, 1468262057.068756
22.812, 1468262058.068725
22.812, 1468262059.069061
22.812, 1468262060.068908
22.875, 1468262061.068969
22.812, 1468262062.068817
22.812, 1468262063.068725
22.812, 1468262064.068725
22.812, 1468262065.069061
22.812, 1468262066.068939
22.812, 1468262067.087005
22.812, 1468262068.085815
22.812, 1468262069.084777
22.875, 1468262070.085296
22.875, 1468262071.086029
22.875, 1468262072.074462
22.875, 1468262073.074493
22.875, 1468262074.074462
22.812, 1468262075.074493
22.875, 1468262076.074401
22.875, 1468262077.068725
22.812, 1468262078.068786
22.875, 1468262079.068878
22.812, 1468262080.068695
22.812, 1468262081.068878
22.812, 1468262082.070373
22.875, 1468262083.068695
22.812, 1468262084.069549
22.812, 1468262085.069671
22.875, 1468262086.070312
22.875, 1468262087.100219
22.875, 1468262088.070373
22.875, 1468262089.070770
22.812, 1468262090.070190
22.812, 1468262091.069702
22.875, 1468262092.078948
22.875, 1468262093.076782
22.875, 1468262094.076782
22.875, 1468262095.076599
22.875, 1468262096.080322
22.875, 1468262097.106597
22.875, 1468262098.080230
22.875, 1468262099.076721
22.875, 1468262100.080413
22.875, 1468262101.080474
22.875, 1468262102.097381
22.938, 1468262103.096801
22.875, 1468262104.096099
22.875, 1468262105.096710
22.938, 1468262106.096801
22.875, 1468262107.085083
22.938, 1468262108.085723
22.875, 1468262109.086547
22.875, 1468262110.085601
22.875, 1468262111.086425
22.875, 1468262112.074462
22.812, 1468262113.074615
22.875, 1468262114.074127
22.812, 1468262115.074371
22.875, 1468262116.074096
22.812, 1468262117.091033
22.812, 1468262118.091308
22.812, 1468262119.090911
22.812, 1468262120.090301
22.875, 1468262121.089935
22.812, 1468262122.069305
22.875, 1468262123.069091
22.812, 1468262124.068878
22.875, 1468262125.068878
22.875, 1468262126.068908
22.875, 1468262127.075653
22.812, 1468262128.071594
22.875, 1468262129.073394
22.812, 1468262130.071594
22.812, 1468262131.072967
22.875, 1468262132.081848
22.812, 1468262133.082733
22.812, 1468262134.082458
22.812, 1468262135.082672
22.812, 1468262136.081848
22.750, 1468262137.221069
22.812, 1468262138.096710
22.750, 1468262139.096954
22.812, 1468262140.096710
22.750, 1468262141.097351
22.688, 1468262142.316925
22.688, 1468262143.076416
22.688, 1468262144.076141
22.750, 1468262145.076507
22.688, 1468262146.075836
22.688, 1468262147.286529
22.625, 1468262148.079132
22.688, 1468262149.080383
22.688, 1468262150.079650
22.688, 1468262151.076812
22.625, 1468262152.247436
22.688, 1468262153.080902
22.625, 1468262154.080474
22.688, 1468262155.080474
22.688, 1468262156.080474
22.625, 1468262157.296264
22.625, 1468262158.073730
22.625, 1468262159.075073
22.688, 1468262160.073150
22.625, 1468262161.073364
22.688, 1468262162.237518
22.688, 1468262163.075866
22.688, 1468262164.075683
22.625, 1468262165.075805
22.688, 1468262166.076232
22.688, 1468262167.237976
22.688, 1468262168.070892
22.688, 1468262169.071197
22.688, 1468262170.071105
22.688, 1468262171.071014
22.688, 1468262172.289825
22.688, 1468262173.082824
22.688, 1468262174.083160
22.688, 1468262175.082672
22.688, 1468262176.082031
22.688, 1468262177.322174
22.688, 1468262178.075317
22.625, 1468262179.075805
22.625, 1468262180.074493
22.562, 1468262181.072845
22.625, 1468262182.250854
22.562, 1468262183.088684
22.625, 1468262184.088592
22.625, 1468262185.088317
22.625, 1468262186.088195
22.625, 1468262187.132049
22.625, 1468262188.093170
22.562, 1468262189.097686
22.562, 1468262190.096740
22.562, 1468262191.093139
22.562, 1468262192.085784
22.500, 1468262193.085723
22.500, 1468262194.085235
22.500, 1468262195.085266
22.562, 1468262196.088317
22.500, 1468262197.270904
22.500, 1468262198.071807
22.500, 1468262199.071777
22.500, 1468262200.071868
22.500, 1468262201.070861
22.500, 1468262202.288665
22.562, 1468262203.080291
22.562, 1468262204.080444
22.500, 1468262205.080810
22.562, 1468262206.081237
22.562, 1468262207.321929
22.500, 1468262208.074676
22.562, 1468262209.075653
22.562, 1468262210.075683
22.500, 1468262211.074676
22.562, 1468262212.176452
22.562, 1468262213.091644
22.500, 1468262214.091644
22.500, 1468262215.090667
22.562, 1468262216.090972
22.500, 1468262217.087188
22.500, 1468262218.088439
22.562, 1468262219.088500
22.562, 1468262220.089752
22.562, 1468262221.088256
22.562, 1468262222.092285
22.562, 1468262223.091857
22.562, 1468262224.092498
22.562, 1468262225.092193
22.625, 1468262226.092712
22.562, 1468262227.070220
22.500, 1468262228.068725
22.562, 1468262229.068847
22.500, 1468262230.068969
22.500, 1468262231.068756
22.500, 1468262232.104675
22.500, 1468262233.068969
22.500, 1468262234.068939
22.500, 1468262235.069030
22.500, 1468262236.068786
22.500, 1468262237.088226
22.500, 1468262238.074279
22.562, 1468262239.074371
22.500, 1468262240.073944
22.500, 1468262241.074462
22.500, 1468262242.124114
22.500, 1468262243.086975
22.500, 1468262244.086914
22.562, 1468262245.086914
22.500, 1468262246.088500
22.500, 1468262247.114074
22.500, 1468262248.074401
22.500, 1468262249.096069
22.562, 1468262250.074462
22.562, 1468262251.076751
22.500, 1468262252.081573
22.562, 1468262253.088073
22.562, 1468262254.080871
22.562, 1468262255.081451
22.562, 1468262256.080718
22.562, 1468262257.138427
22.562, 1468262258.068725
22.562, 1468262259.069122
22.562, 1468262260.068756
22.562, 1468262261.068756
22.625, 1468262262.151916
22.562, 1468262263.074005
22.562, 1468262264.074005
22.562, 1468262265.074066
22.562, 1468262266.076690
22.625, 1468262267.153228
22.562, 1468262268.083587
22.625, 1468262269.084167
22.625, 1468262270.083648
22.562, 1468262271.083679
22.625, 1468262272.140167
22.625, 1468262273.091156
22.625, 1468262274.091400
22.625, 1468262275.090881
22.625, 1468262276.091033
22.625, 1468262277.157379
22.625, 1468262278.076782
22.688, 1468262279.081420
22.688, 1468262280.081939
22.688, 1468262281.081634
22.625, 1468262282.147460
22.688, 1468262283.068908
22.688, 1468262284.068634
22.688, 1468262285.068908
22.688, 1468262286.068634
22.688, 1468262287.113098
22.688, 1468262288.068786
22.688, 1468262289.068695
22.688, 1468262290.068664
22.688, 1468262291.068939
22.750, 1468262292.124328
22.750, 1468262293.073455
22.750, 1468262294.073577
22.688, 1468262295.071838
22.750, 1468262296.074462
22.750, 1468262297.164520
22.750, 1468262298.071746
22.750, 1468262299.071411
22.750, 1468262300.071685
22.750, 1468262301.071960
22.750, 1468262302.150146
22.750, 1468262303.068725
22.812, 1468262304.068725
22.750, 1468262305.068756
22.750, 1468262306.068695
22.812, 1468262307.135345
22.750, 1468262308.074340
22.750, 1468262309.074066
22.812, 1468262310.074188
22.812, 1468262311.074401
22.812, 1468262312.165161
22.750, 1468262313.071716
22.812, 1468262314.071533
22.812, 1468262315.072021
22.812, 1468262316.071624
22.750, 1468262317.164276
22.875, 1468262318.074218
22.812, 1468262319.074523
22.812, 1468262320.074432
22.812, 1468262321.074584
22.812, 1468262322.141876
22.812, 1468262323.088409
22.875, 1468262324.088653
22.812, 1468262325.088470
22.812, 1468262326.088500
22.812, 1468262327.167816
22.812, 1468262328.076782
22.812, 1468262329.076538
22.875, 1468262330.076477
22.812, 1468262331.078948
22.812, 1468262332.121978
22.812, 1468262333.075836
22.812, 1468262334.076446
22.812, 1468262335.076599
22.812, 1468262336.076507
22.875, 1468262337.176239
22.875, 1468262338.083526
22.812, 1468262339.085083
22.812, 1468262340.084075
22.812, 1468262341.083770
22.875, 1468262342.153289
22.812, 1468262343.068908
22.812, 1468262344.068725
22.875, 1468262345.068725
22.875, 1468262346.068817
22.875, 1468262347.072448
22.812, 1468262348.082183
22.875, 1468262349.082061
22.875, 1468262350.083709
22.875, 1468262351.081817
22.875, 1468262352.138366
22.875, 1468262353.087646
22.875, 1468262354.087280
22.875, 1468262355.086975
22.875, 1468262356.086944
22.875, 1468262357.160247
22.938, 1468262358.068603
22.938, 1468262359.069061
22.875, 1468262360.068847
22.938, 1468262361.068664
22.938, 1468262362.068634
22.938, 1468262363.083618
22.938, 1468262364.084259
22.938, 1468262365.084259
22.938, 1468262366.084350
22.938, 1468262367.084320
22.938, 1468262368.073974
22.938, 1468262369.074249
22.938, 1468262370.074035
22.938, 1468262371.074523
22.938, 1468262372.073944
23.000, 1468262373.068756
23.000, 1468262374.068756
23.000, 1468262375.068817
23.000, 1468262376.068695
23.000, 1468262377.069030
23.000, 1468262378.071105
23.000, 1468262379.070739
23.000, 1468262380.070648
23.000, 1468262381.070922
23.000, 1468262382.070556
23.000, 1468262383.093200
23.000, 1468262384.092864
23.000, 1468262385.095916
23.062, 1468262386.095825
23.062, 1468262387.093322
23.000, 1468262388.071716
23.000, 1468262389.072021
23.000, 1468262390.071899
23.000, 1468262391.074554
23.062, 1468262392.071868
23.062, 1468262393.088562
23.062, 1468262394.088409
23.062, 1468262395.088562
23.062, 1468262396.088623
23.000, 1468262397.088653
23.062, 1468262398.088409
23.000, 1468262399.088317
23.000, 1468262400.090240
23.000, 1468262401.088317
23.062, 1468262402.088684
23.062, 1468262403.069244
23.000, 1468262404.068725
23.062, 1468262405.068695
23.000, 1468262406.068847
23.000, 1468262407.069030
23.062, 1468262408.084167
23.062, 1468262409.084350
23.062, 1468262410.085113
23.125, 1468262411.085113
23.062, 1468262412.084503
23.000, 1468262413.090789
23.062, 1468262414.090850
23.062, 1468262415.091003
23.000, 1468262416.090942
23.062, 1468262417.091003
23.062, 1468262418.078979
23.062, 1468262419.079010
23.062, 1468262420.079010
23.062, 1468262421.079071
23.062, 1468262422.078918
23.062, 1468262423.068817
23.062, 1468262424.068634
23.062, 1468262425.068664
23.062, 1468262426.068634
23.125, 1468262427.068634
23.062, 1468262428.081542
23.125, 1468262429.081451
23.062, 1468262430.082305
23.062, 1468262431.081451
23.062, 1468262432.081726
23.062, 1468262433.082580
23.062, 1468262434.081726
23.062, 1468262435.082153
23.125, 1468262436.082183
23.062, 1468262437.081573
23.062, 1468262438.068725
23.062, 1468262439.068878
23.062, 1468262440.069122
23.062, 1468262441.068725
23.125, 1468262442.068847
23.062, 1468262443.068756
23.062, 1468262444.068756
23.125, 1468262445.068878
23.125, 1468262446.068908
23.125, 1468262447.068878
23.125, 1468262448.086975
23.125, 1468262449.088714
23.062, 1468262450.087036
23.125, 1468262451.087036
23.062, 1468262452.086578
23.125, 1468262453.068817
23.125, 1468262454.068878
23.062, 1468262455.068725
23.062, 1468262456.068878
23.125, 1468262457.068939
23.125, 1468262458.074615
23.125, 1468262459.075317
23.125, 1468262460.074127
23.125, 1468262461.074066
23.125, 1468262462.074310
23.125, 1468262463.074218
23.125, 1468262464.074035
23.125, 1468262465.074432
23.125, 1468262466.074615
23.125, 1468262467.074035
23.125, 1468262468.068725
23.125, 1468262469.068908
23.125, 1468262470.068878
23.188, 1468262471.068725
23.125, 1468262472.068878
23.125, 1468262473.088378
23.125, 1468262474.088684
23.188, 1468262475.087921
23.125, 1468262476.088562
23.188, 1468262477.088867
23.125, 1468262478.074371
23.125, 1468262479.074066
23.188, 1468262480.075378
23.188, 1468262481.076660
23.188, 1468262482.074157
23.188, 1468262483.068725
23.188, 1468262484.068756
23.125, 1468262485.068725
23.188, 1468262486.068969
23.188, 1468262487.068725
23.188, 1468262488.068969
23.188, 1468262489.068695
23.188, 1468262490.068847
23.188, 1468262491.068725
23.188, 1468262492.068756
23.188, 1468262493.084289
23.188, 1468262494.083709
23.188, 1468262495.083435
23.188, 1468262496.084136
23.188, 1468262497.084533
23.188, 1468262498.074371
23.188, 1468262499.074523
23.188, 1468262500.074401
23.188, 1468262501.074310
23.250, 1468262502.074096
23.250, 1468262503.068725
23.188, 1468262504.068725
23.188, 1468262505.068695
23.250, 1468262506.068847
23.250, 1468262507.068817
23.188, 1468262508.084533
23.250, 1468262509.085296
23.188, 1468262510.084411
23.250, 1468262511.084686
23.250, 1468262512.084167
23.250, 1468262513.076843
23.250, 1468262514.080535
23.250, 1468262515.080078
23.250, 1468262516.078887
23.250, 1468262517.079254
23.250, 1468262518.068878
23.250, 1468262519.068878
23.250, 1468262520.069000
23.250, 1468262521.069030
23.250, 1468262522.068725
23.250, 1468262523.069549
23.250, 1468262524.070861
23.250, 1468262525.070220
23.250, 1468262526.069488
23.250, 1468262527.069549
23.250, 1468262528.069732
23.312, 1468262529.070281
23.250, 1468262530.070373
23.250, 1468262531.070434
23.250, 1468262532.070404
23.250, 1468262533.085235
23.250, 1468262534.083587
23.250, 1468262535.084289
23.312, 1468262536.084350
23.312, 1468262537.084320
23.250, 1468262538.095977
23.250, 1468262539.096099
23.312, 1468262540.097320
23.312, 1468262541.096160
23.250, 1468262542.096649
23.250, 1468262543.083435
23.312, 1468262544.084503
23.312, 1468262545.084350
23.312, 1468262546.084472
23.250, 1468262547.085113
23.312, 1468262548.091003
23.312, 1468262549.090850
23.312, 1468262550.090820
23.312, 1468262551.090820
23.312, 1468262552.087188
23.312, 1468262553.086364
23.312, 1468262554.087066
23.312, 1468262555.088989
23.312, 1468262556.087585
23.312, 1468262557.087188
23.312, 1468262558.087677
23.312, 1468262559.086395
23.312, 1468262560.086669
23.312, 1468262561.087524
23.312, 1468262562.087799
23.312, 1468262563.086090
23.312, 1468262564.087036
23.312, 1468262565.087249
23.312, 1468262566.087280
23.375, 1468262567.087066
23.312, 1468262568.068420
23.312, 1468262569.068267
23.312, 1468262570.068298
23.312, 1468262571.068572
23.312, 1468262572.068420
23.312, 1468262573.068359
23.312, 1468262574.068359
23.312, 1468262575.068420
23.375, 1468262576.068206
23.375, 1468262577.068359
23.312, 1468262578.068328
23.375, 1468262579.068450
23.312, 1468262580.068145
23.312, 1468262581.068206
23.312, 1468262582.068115
23.312, 1468262583.069610
23.312, 1468262584.068878
23.375, 1468262585.069549
23.375, 1468262586.069580
23.375, 1468262587.070495
23.375, 1468262588.080566
23.375, 1468262589.079711
23.375, 1468262590.080444
23.375, 1468262591.080352
23.312, 1468262592.080383
23.375, 1468262593.080322
23.312, 1468262594.080657
23.312, 1468262595.080993
23.375, 1468262596.080993
23.375, 1468262597.080657
23.375, 1468262598.085052
23.375, 1468262599.084747
23.312, 1468262600.085174
23.375, 1468262601.083770
23.375, 1468262602.083892
23.312, 1468262603.089477
23.375, 1468262604.088745
23.375, 1468262605.089660
23.375, 1468262606.089935
23.375, 1468262607.089904
23.375, 1468262608.068115
23.375, 1468262609.068237
23.375, 1468262610.068145
23.375, 1468262611.068389
23.375, 1468262612.068420
23.438, 1468262613.068145
23.438, 1468262614.068298
23.375, 1468262615.068298
23.375, 1468262616.068206
23.375, 1468262617.068267
23.375, 1468262618.088684
23.375, 1468262619.087982
23.375, 1468262620.088104
23.438, 1468262621.088104
23.375, 1468262622.088714
23.375, 1468262623.088195
23.375, 1468262624.088226
23.438, 1468262625.088043
23.438, 1468262626.088104
23.375, 1468262627.088348
23.438, 1468262628.088531
23.438, 1468262629.088623
23.438, 1468262630.087585
23.438, 1468262631.088287
23.438, 1468262632.088928
23.375, 1468262633.088104
23.438, 1468262634.088195
23.438, 1468262635.099365
23.438, 1468262636.093261
23.438, 1468262637.093536
23.438, 1468262638.070556
23.375, 1468262639.071228
23.438, 1468262640.071258
23.438, 1468262641.071258
23.438, 1468262642.070617
23.438, 1468262643.085693
23.375, 1468262644.085632
23.438, 1468262645.085662
23.438, 1468262646.084503
23.438, 1468262647.085327
23.438, 1468262648.087310
23.438, 1468262649.087005
23.438, 1468262650.086822
23.438, 1468262651.086944
23.438, 1468262652.087219
23.438, 1468262653.073547
23.438, 1468262654.071472
23.438, 1468262655.073730
23.438, 1468262656.071258
23.438, 1468262657.071563
23.438, 1468262658.076965
23.438, 1468262659.076538
23.438, 1468262660.076873
23.500, 1468262661.078735
23.438, 1468262662.078338
23.438, 1468262663.076843
23.438, 1468262664.076965
23.500, 1468262665.078430
23.438, 1468262666.078430
23.438, 1468262667.076904
23.438, 1468262668.069000
23.438, 1468262669.069122
23.438, 1468262670.069061
23.438, 1468262671.069244
23.438, 1468262672.069030
23.438, 1468262673.084747
23.500, 1468262674.083129
23.438, 1468262675.085571
23.500, 1468262676.085601
23.438, 1468262677.082885
23.438, 1468262678.068695
23.438, 1468262679.068725
23.438, 1468262680.068695
23.438, 1468262681.068664
23.438, 1468262682.068908
23.438, 1468262683.069030
23.438, 1468262684.068725
23.438, 1468262685.069061
23.438, 1468262686.068756
23.500, 1468262687.068756
23.438, 1468262688.068634
23.500, 1468262689.068695
23.438, 1468262690.068786
23.500, 1468262691.068695
23.500, 1468262692.068817
23.500, 1468262693.085876
23.500, 1468262694.085601
23.500, 1468262695.085327
23.500, 1468262696.085327
23.500, 1468262697.085754
23.500, 1468262698.085815
23.500, 1468262699.085205
23.500, 1468262700.085632
23.500, 1468262701.085693
23.438, 1468262702.085876
23.500, 1468262703.075775
23.500, 1468262704.075225
23.500, 1468262705.075103
23.500, 1468262706.075286
23.500, 1468262707.075653
23.500, 1468262708.068603
23.438, 1468262709.068847
23.500, 1468262710.068725
23.562, 1468262711.068756
23.500, 1468262712.068786
23.500, 1468262713.083404
23.562, 1468262714.082946
23.500, 1468262715.083068
23.500, 1468262716.083099
23.500, 1468262717.083007
23.500, 1468262718.079345
23.500, 1468262719.079772
23.562, 1468262720.079193
23.500, 1468262721.079254
23.562, 1468262722.078582
23.500, 1468262723.068634
23.562, 1468262724.068572
23.500, 1468262725.068603
23.562, 1468262726.068572
23.500, 1468262727.068603
23.562, 1468262728.068603
23.562, 1468262729.068725
23.500, 1468262730.068725
23.500, 1468262731.068603
23.500, 1468262732.068756
23.500, 1468262733.068725
23.562, 1468262734.068908
23.562, 1468262735.068786
23.562, 1468262736.068603
23.500, 1468262737.068603
23.562, 1468262738.068756
23.562, 1468262739.069244
23.562, 1468262740.069091
23.500, 1468262741.068725
23.562, 1468262742.068725
23.562, 1468262743.076843
23.562, 1468262744.077178
23.562, 1468262745.076354
23.562, 1468262746.076751
23.562, 1468262747.076446
23.562, 1468262748.070343
23.562, 1468262749.073760
23.562, 1468262750.073577
23.562, 1468262751.071136
23.562, 1468262752.070770
23.562, 1468262753.082733
23.562, 1468262754.082885
23.562, 1468262755.082641
23.625, 1468262756.083129
23.562, 1468262757.082733
23.562, 1468262758.068756
23.562, 1468262759.068908
23.562, 1468262760.068664
23.562, 1468262761.068603
23.562, 1468262762.068634
23.562, 1468262763.069183
23.562, 1468262764.069030
23.562, 1468262765.068908
23.562, 1468262766.069335
23.562, 1468262767.068939
23.500, 1468262768.069244
23.500, 1468262769.068664
23.562, 1468262770.069396
23.562, 1468262771.068908
23.562, 1468262772.068695
23.562, 1468262773.078460
23.562, 1468262774.078369
23.562, 1468262775.079162
23.562, 1468262776.078735
23.500, 1468262777.079162
23.562, 1468262778.082855
23.500, 1468262779.084655
23.562, 1468262780.084747
23.562, 1468262781.084442
23.500, 1468262782.084228
23.562, 1468262783.068603
23.562, 1468262784.068969
23.500, 1468262785.068603
23.562, 1468262786.068634
23.500, 1468262787.068756
23.562, 1468262788.085693
23.562, 1468262789.085266
23.500, 1468262790.085693
23.500, 1468262791.085571
23.500, 1468262792.085845
23.500, 1468262793.068725
23.500, 1468262794.068847
23.500, 1468262795.069122
23.500, 1468262796.068695
23.562, 1468262797.068725
23.500, 1468262798.068603
23.500, 1468262799.068603
23.500, 1468262800.068603
23.500, 1468262801.068603
23.500, 1468262802.068725
23.500, 1468262803.068786
23.438, 1468262804.068634
23.500, 1468262805.068603
23.438, 1468262806.068634
23.500, 1468262807.068786
23.500, 1468262808.078582
23.438, 1468262809.078735
23.438, 1468262810.078430
23.438, 1468262811.078369
23.438, 1468262812.079193
23.438, 1468262813.092163
23.438, 1468262814.092132
23.500, 1468262815.093170
23.500, 1468262816.092834
23.500, 1468262817.092926
23.500, 1468262818.079254
23.438, 1468262819.079467
23.438, 1468262820.078399
23.438, 1468262821.079162
23.500, 1468262822.079742
23.438, 1468262823.095031
23.500, 1468262824.096252
23.438, 1468262825.095642
23.438, 1468262826.095825
23.438, 1468262827.095855
23.438, 1468262828.069213
23.438, 1468262829.069183
23.438, 1468262830.069061
23.438, 1468262831.068572
23.438, 1468262832.069122
23.438, 1468262833.085662
23.438, 1468262834.085357
23.438, 1468262835.085845
23.438, 1468262836.085693
23.438, 1468262837.086425
23.438, 1468262838.085693
23.438, 1468262839.085571
23.438, 1468262840.085815
23.438, 1468262841.085327
23.375, 1468262842.085632
23.438, 1468262843.071350
23.438, 1468262844.071380
23.438, 1468262845.071563
23.500, 1468262846.073638
23.438, 1468262847.071319
23.438, 1468262848.069305
23.438, 1468262849.070281
23.438, 1468262850.070617
23.438, 1468262851.069854
23.438, 1468262852.068817
23.438, 1468262853.085845
23.438, 1468262854.085754
23.438, 1468262855.085693
23.438, 1468262856.085327
23.375, 1468262857.085693
23.438, 1468262858.071411
23.375, 1468262859.073608
23.375, 1468262860.073608
23.312, 1468262861.073822
23.375, 1468262862.073669
23.312, 1468262863.085754
23.312, 1468262864.085571
23.312, 1468262865.085571
23.312, 1468262866.091217
23.312, 1468262867.085723
23.312, 1468262868.085693
23.375, 1468262869.085662
23.312, 1468262870.085784
23.375, 1468262871.086242
23.312, 1468262872.085327
23.312, 1468262873.068878
23.312, 1468262874.068725
23.312, 1468262875.068725
23.250, 1468262876.068695
23.250, 1468262877.068878
23.312, 1468262878.080963
23.312, 1468262879.081939
23.312, 1468262880.081542
23.312, 1468262881.082031
23.312, 1468262882.080902
23.250, 1468262883.088104
23.312, 1468262884.088134
23.312, 1468262885.087249
23.375, 1468262886.088104
23.312, 1468262887.088165
23.312, 1468262888.068572
23.312, 1468262889.068786
23.312, 1468262890.069183
23.312, 1468262891.068603
23.250, 1468262892.068756
23.312, 1468262893.068725
23.312, 1468262894.068725
23.312, 1468262895.069030
23.312, 1468262896.068725
23.250, 1468262897.068725
23.250, 1468262898.069000
23.312, 1468262899.068664
23.250, 1468262900.068756
23.250, 1468262901.068878
23.250, 1468262902.068756
23.312, 1468262903.068847
23.312, 1468262904.069061
23.312, 1468262905.068786
23.250, 1468262906.068634
23.250, 1468262907.069061
23.250, 1468262908.077026
23.312, 1468262909.076965
23.250, 1468262910.077178
23.250, 1468262911.076873
23.250, 1468262912.077026
23.250, 1468262913.096893
23.250, 1468262914.094512
23.188, 1468262915.095825
23.250, 1468262916.095214
23.250, 1468262917.096710
23.250, 1468262918.068878
23.250, 1468262919.069213
23.250, 1468262920.068603
23.188, 1468262921.069061
23.250, 1468262922.069030
23.250, 1468262923.068786
23.250, 1468262924.068878
23.250, 1468262925.068634
23.188, 1468262926.068634
23.188, 1468262927.068603
23.188, 1468262928.069122
23.188, 1468262929.069152
23.250, 1468262930.068603
23.250, 1468262931.069274
23.250, 1468262932.068634
23.188, 1468262933.068908
23.188, 1468262934.069244
23.188, 1468262935.069183
23.188, 1468262936.069061
23.188, 1468262937.069213
23.188, 1468262938.091064
23.188, 1468262939.090454
23.188, 1468262940.090454
23.188, 1468262941.091766
23.250, 1468262942.090576
23.188, 1468262943.068634
23.188, 1468262944.068756
23.188, 1468262945.068603
23.188, 1468262946.068603
23.250, 1468262947.068664
23.250, 1468262948.090393
23.250, 1468262949.091583
23.188, 1468262950.091217
23.250, 1468262951.086853
23.188, 1468262952.090545
23.188, 1468262953.079071
23.250, 1468262954.079071
23.188, 1468262955.079315
23.250, 1468262956.079101
23.250, 1468262957.079406
23.250, 1468262958.087188
23.250, 1468262959.087219
23.250, 1468262960.087188
23.250, 1468262961.086853
23.250, 1468262962.087188
23.250, 1468262963.068878
23.250, 1468262964.068847
23.188, 1468262965.068603
23.250, 1468262966.068634
23.250, 1468262967.068817
23.250, 1468262968.068603
23.312, 1468262969.068664
23.250, 1468262970.068878
23.250, 1468262971.068664
23.250, 1468262972.068664
23.312, 1468262973.068847
23.312, 1468262974.068725
23.250, 1468262975.068847
23.250, 1468262976.068725
23.250, 1468262977.068725
23.312, 1468262978.071411
23.250, 1468262979.071441
23.250, 1468262980.073822
23.250, 1468262981.071380
23.250, 1468262982.071502
23.312, 1468262983.068725
23.250, 1468262984.068847
23.250, 1468262985.068603
23.312, 1468262986.068817
23.312, 1468262987.068603
23.312, 1468262988.091186
23.312, 1468262989.090454
23.312, 1468262990.090606
23.312, 1468262991.090484
23.312, 1468262992.088134
23.312, 1468262993.069091
23.250, 1468262994.069152
23.312, 1468262995.069366
23.312, 1468262996.068939
23.312, 1468262997.068969
23.312, 1468262998.068634
23.312, 1468262999.068725
23.312, 1468263000.068603
23.312, 1468263001.068969
23.312, 1468263002.068603
23.312, 1468263003.068786
23.312, 1468263004.068695
23.312, 1468263005.068634
23.312, 1468263006.068603
23.312, 1468263007.068817
23.250, 1468263008.093933
23.312, 1468263009.093780
23.312, 1468263010.095123
23.312, 1468263011.093933
23.312, 1468263012.093627
23.250, 1468263013.069122
23.312, 1468263014.069030
23.312, 1468263015.069183
23.312, 1468263016.068908
23.250, 1468263017.069152
23.250, 1468263018.094268
23.312, 1468263019.093963
23.250, 1468263020.093963
23.250, 1468263021.093566
23.250, 1468263022.099456
23.312, 1468263023.097717
23.312, 1468263024.096832
23.250, 1468263025.097320
23.250, 1468263026.097381
23.250, 1468263027.097381
23.250, 1468263028.095184
23.250, 1468263029.095092
23.250, 1468263030.093475
23.250, 1468263031.095672
23.188, 1468263032.092163
23.250, 1468263033.100646
23.250, 1468263034.104675
23.250, 1468263035.098358
23.250, 1468263036.100585
23.188, 1468263037.099609
23.250, 1468263038.099792
23.188, 1468263039.100585
23.250, 1468263040.099609
23.188, 1468263041.100006
23.250, 1468263042.100036
23.250, 1468263043.079803
23.250, 1468263044.078552
23.250, 1468263045.079132
23.188, 1468263046.079254
23.188, 1468263047.078460
23.188, 1468263048.081542
23.188, 1468263049.081451
23.125, 1468263050.082122
23.188, 1468263051.082244
23.188, 1468263052.083251
23.250, 1468263053.078094
23.188, 1468263054.077545
23.188, 1468263055.078338
23.250, 1468263056.078155
23.188, 1468263057.077606
23.188, 1468263058.070251
23.188, 1468263059.070159
23.188, 1468263060.070281
23.188, 1468263061.070465
23.188, 1468263062.070251
23.125, 1468263063.085327
23.125, 1468263064.085449
23.125, 1468263065.084503
23.125, 1468263066.084625
23.062, 1468263067.082855
23.125, 1468263068.095764
23.062, 1468263069.095672
23.062, 1468263070.095916
23.062, 1468263071.096038
23.062, 1468263072.095153
23.062, 1468263073.095245
23.000, 1468263074.093841
23.062, 1468263075.095153
23.000, 1468263076.093353
23.062, 1468263077.093261
23.062, 1468263078.077453
23.062, 1468263079.077453
23.062, 1468263080.077026
23.062, 1468263081.076873
23.000, 1468263082.076873
23.062, 1468263083.068786
23.000, 1468263084.068786
23.000, 1468263085.068756
22.938, 1468263086.068756
23.000, 1468263087.068786
22.938, 1468263088.069152
23.000, 1468263089.068817
22.938, 1468263090.068786
23.000, 1468263091.069061
22.938, 1468263092.068786
22.938, 1468263093.079528
22.938, 1468263094.080078
22.938, 1468263095.079559
22.938, 1468263096.080322
22.875, 1468263097.080474
22.875, 1468263098.081817
22.875, 1468263099.085662
22.875, 1468263100.081634
22.875, 1468263101.083557
22.875, 1468263102.082336
22.875, 1468263103.094421
22.875, 1468263104.092681
22.875, 1468263105.092742
22.875, 1468263106.092163
22.875, 1468263107.092712
22.812, 1468263108.098358
22.875, 1468263109.092803
22.875, 1468263110.092712
22.875, 1468263111.093780
22.875, 1468263112.092803
22.812, 1468263113.068786
22.750, 1468263114.068756
22.750, 1468263115.068786
22.750, 1468263116.068634
22.750, 1468263117.068664
22.812, 1468263118.068756
22.750, 1468263119.068969
22.750, 1468263120.068908
22.688, 1468263121.068847
22.688, 1468263122.068969
22.750, 1468263123.075225
22.688, 1468263124.075408
22.750, 1468263125.075225
22.688, 1468263126.075408
22.750, 1468263127.075408
22.688, 1468263128.085327
22.625, 1468263129.085815
22.750, 1468263130.085296
22.688, 1468263131.086273
22.625, 1468263132.085357
22.688, 1468263133.068603
22.688, 1468263134.068634
22.625, 1468263135.068634
22.625, 1468263136.068603
22.625, 1468263137.068634
22.625, 1468263138.068756
22.625, 1468263139.068603
22.625, 1468263140.068572
22.625, 1468263141.068603
22.625, 1468263142.068664
22.625, 1468263143.085571
22.625, 1468263144.085571
22.562, 1468263145.085601
22.625, 1468263146.085723
22.562, 1468263147.085632
22.625, 1468263148.085784
22.625, 1468263149.085723
22.625, 1468263150.085601
22.625, 1468263151.085235
22.562, 1468263152.085632
22.562, 1468263153.068634
22.625, 1468263154.068572
22.625, 1468263155.068786
22.562, 1468263156.068634
22.562, 1468263157.068847
22.562, 1468263158.092834
22.562, 1468263159.092285
22.562, 1468263160.092926
22.562, 1468263161.092987
22.562, 1468263162.093292
22.562, 1468263163.081573
22.500, 1468263164.081787
22.562, 1468263165.081878
22.500, 1468263166.081726
22.500, 1468263167.082916
22.500, 1468263168.081634
22.438, 1468263169.081726
22.438, 1468263170.080932
22.438, 1468263171.081787
22.500, 1468263172.081573
22.500, 1468263173.068786
22.438, 1468263174.068603
22.375, 1468263175.068878
22.375, 1468263176.068603
22.375, 1468263177.068634
22.375, 1468263178.070495
22.375, 1468263179.069061
22.375, 1468263180.069244
22.312, 1468263181.069061
22.312, 1468263182.069122
22.375, 1468263183.071411
22.375, 1468263184.079650
22.375, 1468263185.071319
22.312, 1468263186.073791
22.375, 1468263187.074493
22.312, 1468263188.073577
22.375, 1468263189.071075
22.375, 1468263190.071350
22.375, 1468263191.070861
22.312, 1468263192.076965
22.375, 1468263193.068908
22.375, 1468263194.069091
22.375, 1468263195.068786
22.312, 1468263196.068695
22.375, 1468263197.070465
22.375, 1468263198.068878
22.375, 1468263199.068664
22.375, 1468263200.068908
22.375, 1468263201.068725
22.375, 1468263202.068939
22.312, 1468263203.068603
22.375, 1468263204.068908
22.375, 1468263205.068695
22.375, 1468263206.068756
22.375, 1468263207.068817
22.375, 1468263208.068756
22.375, 1468263209.069183
22.375, 1468263210.069152
22.375, 1468263211.068908
22.375, 1468263212.068939
22.312, 1468263213.069427
22.250, 1468263214.068908
22.312, 1468263215.069305
22.250, 1468263216.068939
22.250, 1468263217.069122
22.312, 1468263218.068908
22.250, 1468263219.069122
22.250, 1468263220.068969
22.188, 1468263221.069213
22.250, 1468263222.069091
22.188, 1468263223.095123
22.188, 1468263224.095153
22.188, 1468263225.095153
22.188, 1468263226.095825
22.188, 1468263227.094635
22.188, 1468263228.076629
22.188, 1468263229.078460
22.125, 1468263230.078338
22.125, 1468263231.078308
22.188, 1468263232.077270
22.125, 1468263233.078491
22.125, 1468263234.078430
22.125, 1468263235.078216
22.125, 1468263236.072814
22.125, 1468263237.072357
22.125, 1468263238.068267
22.062, 1468263239.068328
22.125, 1468263240.068298
22.125, 1468263241.068389
22.062, 1468263242.068420
22.062, 1468263243.076568
22.062, 1468263244.076812
22.062, 1468263245.077484
22.062, 1468263246.077056
22.125, 1468263247.076568
22.062, 1468263248.068359
22.125, 1468263249.068267
22.125, 1468263250.068450
22.125, 1468263251.068237
22.125, 1468263252.068298
22.125, 1468263253.083312
22.125, 1468263254.082946
22.062, 1468263255.083465
22.125, 1468263256.083068
22.125, 1468263257.083648
22.188, 1468263258.068084
22.188, 1468263259.068328
22.125, 1468263260.068176
22.125, 1468263261.068206
22.188, 1468263262.068389
22.188, 1468263263.068298
22.188, 1468263264.068115
22.188, 1468263265.068023
22.125, 1468263266.068145
22.188, 1468263267.068298
22.188, 1468263268.068115
22.188, 1468263269.068023
22.188, 1468263270.068115
22.188, 1468263271.068084
22.188, 1468263272.068511
22.188, 1468263273.080352
22.188, 1468263274.080444
22.250, 1468263275.080291
22.188, 1468263276.080780
22.250, 1468263277.080169
22.250, 1468263278.068115
22.250, 1468263279.068389
22.188, 1468263280.068145
22.188, 1468263281.068267
22.188, 1468263282.068603
22.188, 1468263283.076599
22.188, 1468263284.076141
22.188, 1468263285.076934
22.188, 1468263286.077301
22.188, 1468263287.077606
22.188, 1468263288.068328
22.188, 1468263289.068389
22.188, 1468263290.068206
22.188, 1468263291.068481
22.188, 1468263292.068420
22.188, 1468263293.068389
22.188, 1468263294.068206
22.125, 1468263295.068389
22.188, 1468263296.068298
22.125, 1468263297.068725
22.188, 1468263298.081634
22.125, 1468263299.081268
22.188, 1468263300.081817
22.188, 1468263301.081726
22.188, 1468263302.082122
22.188, 1468263303.081359
22.125, 1468263304.081817
22.125, 1468263305.081085
22.188, 1468263306.082061
22.188, 1468263307.081726
22.188, 1468263308.071014
22.188, 1468263309.070526
22.250, 1468263310.070648
22.250, 1468263311.070373
22.188, 1468263312.070526
22.188, 1468263313.071289
22.250, 1468263314.071319
22.188, 1468263315.071166
22.188, 1468263316.071289
22.250, 1468263317.071289
22.250, 1468263318.068328
22.188, 1468263319.069152
22.250, 1468263320.069122
22.188, 1468263321.070129
22.250, 1468263322.070434
22.312, 1468263323.094512
22.250, 1468263324.094268
22.250, 1468263325.094207
22.250, 1468263326.094207
22.250, 1468263327.094726
22.250, 1468263328.075347
22.250, 1468263329.075256
22.312, 1468263330.075195
22.250, 1468263331.075225
22.312, 1468263332.075256
22.312, 1468263333.093902
22.312, 1468263334.094390
22.312, 1468263335.094207
22.312, 1468263336.093933
22.375, 1468263337.094085
22.312, 1468263338.094329
22.375, 1468263339.094177
22.312, 1468263340.093994
22.375, 1468263341.094146
22.312, 1468263342.094512
22.312, 1468263343.091979
22.312, 1468263344.091491
22.375, 1468263345.092315
22.375, 1468263346.092163
22.375, 1468263347.092163
22.312, 1468263348.085632
22.312, 1468263349.084472
22.375, 1468263350.085205
22.375, 1468263351.084381
22.438, 1468263352.084228
22.375, 1468263353.069122
22.375, 1468263354.069183
22.375, 1468263355.069793
22.375, 1468263356.069122
22.375, 1468263357.069213
22.438, 1468263358.089691
22.438, 1468263359.089843
22.375, 1468263360.089538
22.438, 1468263361.089324
22.438, 1468263362.087646
22.438, 1468263363.071533
22.438, 1468263364.071594
22.438, 1468263365.071533
22.438, 1468263366.071563
22.500, 1468263367.071350
22.438, 1468263368.069000
22.500, 1468263369.069152
22.500, 1468263370.069091
22.500, 1468263371.069427
22.500, 1468263372.069122
22.500, 1468263373.069091
22.500, 1468263374.069030
22.500, 1468263375.069183
22.500, 1468263376.069061
22.562, 1468263377.069274
22.562, 1468263378.069122
22.562, 1468263379.069244
22.562, 1468263380.069244
22.562, 1468263381.069061
22.562, 1468263382.069458
22.562, 1468263383.069122
22.562, 1468263384.069366
22.562, 1468263385.069335
22.500, 1468263386.069091
22.562, 1468263387.069366
22.625, 1468263388.094177
22.562, 1468263389.094299
22.562, 1468263390.094543
22.562, 1468263391.094757
22.625, 1468263392.094421
22.625, 1468263393.078125
22.562, 1468263394.078063
22.562, 1468263395.077301
22.562, 1468263396.077819
22.625, 1468263397.078002
22.562, 1468263398.091857
22.625, 1468263399.092224
22.625, 1468263400.092041
22.625, 1468263401.091949
22.625, 1468263402.091827
22.625, 1468263403.069244
22.688, 1468263404.069305
22.625, 1468263405.069244
22.625, 1468263406.069091
22.625, 1468263407.069213
22.625, 1468263408.088195
22.625, 1468263409.087951
22.625, 1468263410.089202
22.625, 1468263411.088653
22.625, 1468263412.087219
22.688, 1468263413.073852
22.625, 1468263414.073608
22.625, 1468263415.073669
22.688, 1468263416.073791
22.688, 1468263417.073669
22.688, 1468263418.069213
22.688, 1468263419.069335
22.688, 1468263420.069091
22.688, 1468263421.069458
22.750, 1468263422.069091
22.688, 1468263423.088348
22.688, 1468263424.087463
22.688, 1468263425.088073
22.625, 1468263426.088195
22.750, 1468263427.088226
22.688, 1468263428.069122
22.688, 1468263429.070617
22.688, 1468263430.069366
22.688, 1468263431.069183
22.688, 1468263432.069213
22.688, 1468263433.090698
22.750, 1468263434.089691
22.750, 1468263435.089385
22.750, 1468263436.089355
22.750, 1468263437.089660
22.750, 1468263438.075469
22.750, 1468263439.076904
22.750, 1468263440.076965
22.750, 1468263441.076995
22.750, 1468263442.076965
22.750, 1468263443.085815
22.812, 1468263444.086639
22.750, 1468263445.085754
22.750, 1468263446.085601
22.750, 1468263447.085845
22.750, 1468263448.089569
22.750, 1468263449.089813
22.750, 1468263450.089569
22.750, 1468263451.089996
22.750, 1468263452.089691
22.812, 1468263453.084075
22.750, 1468263454.083740
22.750, 1468263455.084442
22.812, 1468263456.084625
22.750, 1468263457.084075
22.812, 1468263458.069366
22.812, 1468263459.069305
22.812, 1468263460.069274
22.812, 1468263461.069244
22.812, 1468263462.069183
22.812, 1468263463.085662
22.812, 1468263464.087097
22.812, 1468263465.087066
22.812, 1468263466.085723
22.812, 1468263467.086456
22.812, 1468263468.069244
22.875, 1468263469.069305
22.812, 1468263470.069366
22.812, 1468263471.069213
22.875, 1468263472.069213
22.875, 1468263473.077911
22.812, 1468263474.078155
22.812, 1468263475.078216
22.812, 1468263476.078125
22.875, 1468263477.078125
22.875, 1468263478.069244
22.812, 1468263479.069122
22.812, 1468263480.069213
22.875, 1468263481.069091
22.875, 1468263482.069122
22.875, 1468263483.069458
22.875, 1468263484.069183
22.875, 1468263485.069091
22.875, 1468263486.069213
22.875, 1468263487.069091
22.875, 1468263488.069427
22.812, 1468263489.069091
22.875, 1468263490.069061
22.875, 1468263491.069244
22.875, 1468263492.069335
22.812, 1468263493.085571
22.812, 1468263494.085662
22.812, 1468263495.085784
22.812, 1468263496.085906
22.875, 1468263497.085906
22.812, 1468263498.069610
22.812, 1468263499.069091
22.875, 1468263500.069244
22.875, 1468263501.069030
22.875, 1468263502.069122
22.875, 1468263503.090545
22.875, 1468263504.087493
22.812, 1468263505.087341
22.812, 1468263506.087524
22.875, 1468263507.087219
22.812, 1468263508.104736
22.875, 1468263509.092193
22.812, 1468263510.091949
22.875, 1468263511.092224
22.812, 1468263512.092071
22.875, 1468263513.075683
22.875, 1468263514.075805
22.812, 1468263515.075622
22.875, 1468263516.075622
22.812, 1468263517.075195
22.812, 1468263518.069427
22.812, 1468263519.069305
22.875, 1468263520.069091
22.812, 1468263521.069122
22.812, 1468263522.069213
22.812, 1468263523.078887
22.812, 1468263524.077575
22.875, 1468263525.077453
22.812, 1468263526.076934
22.812, 1468263527.077392
22.875, 1468263528.089721
22.812, 1468263529.089508
22.812, 1468263530.089508
22.875, 1468263531.090545
22.812, 1468263532.089935
22.875, 1468263533.069366
22.812, 1468263534.069030
22.812, 1468263535.069305
22.875, 1468263536.069152
22.875, 1468263537.069183
22.812, 1468263538.087432
22.812, 1468263539.087158
22.812, 1468263540.087280
22.812, 1468263541.087493
22.812, 1468263542.086730
22.875, 1468263543.094635
22.812, 1468263544.094146
22.875, 1468263545.094543
22.812, 1468263546.094177
22.875, 1468263547.094268
22.812, 1468263548.084106
22.875, 1468263549.085296
22.875, 1468263550.084136
22.812, 1468263551.084167
22.875, 1468263552.085113
22.812, 1468263553.088439
22.812, 1468263554.086883
22.812, 1468263555.087310
22.812, 1468263556.087310
22.812, 1468263557.088317
22.875, 1468263558.080108
22.812, 1468263559.080200
22.812, 1468263560.083190
22.812, 1468263561.080352
22.812, 1468263562.080047
22.812, 1468263563.069427
22.812, 1468263564.069122
22.812, 1468263565.069305
22.812, 1468263566.069335
22.875, 1468263567.069183
22.812, 1468263568.088409
22.875, 1468263569.088165
22.812, 1468263570.088684
22.812, 1468263571.088073
22.875, 1468263572.087219
22.875, 1468263573.091522
22.875, 1468263574.091857
22.875, 1468263575.091766
22.875, 1468263576.091796
22.812, 1468263577.093414
22.875, 1468263578.075256
22.875, 1468263579.076232
22.875, 1468263580.075897
22.875, 1468263581.075622
22.875, 1468263582.076690
22.875, 1468263583.069366
22.875, 1468263584.069061
22.812, 1468263585.069366
22.875, 1468263586.069274
22.875, 1468263587.069030
22.875, 1468263588.071563
22.875, 1468263589.070800
22.875, 1468263590.070709
22.875, 1468263591.070831
22.875, 1468263592.070587
22.875, 1468263593.069366
22.875, 1468263594.069244
22.875, 1468263595.069519
22.875, 1468263596.069091
22.875, 1468263597.069366
22.938, 1468263598.069061
22.875, 1468263599.069183
22.875, 1468263600.069091
22.938, 1468263601.069183
22.938, 1468263602.069091
22.875, 1468263603.079650
22.875, 1468263604.079467
22.938, 1468263605.078887
22.938, 1468263606.080261
22.938, 1468263607.082427
22.938, 1468263608.069335
22.938, 1468263609.069244
22.938, 1468263610.069152
23.000, 1468263611.069091
23.000, 1468263612.069122
22.938, 1468263613.082641
23.000, 1468263614.079376
23.000, 1468263615.080230
23.000, 1468263616.080261
